origin_user_id,origin_weibo_id,repost_publish_time,repost_user_id,repost_weibo_content,repost_weibo_id
6239620007,4842349060955034,Sat Dec 03 15:16:20 +0800 2022,6239439310,å¿«è½¬å¾®åš,4842610513153776
6239620007,4842349060955034,Fri Dec 02 23:55:51 +0800 2022,7736221893,å¿«è½¬å¾®åš,4842378869342446
6239620007,4842349060955034,Fri Dec 02 23:55:35 +0800 2022,7736221893,å¥½çš„,4842378797518924
origin_user_id,origin_weibo_id,repost_publish_time,repost_user_id,repost_weibo_content,repost_weibo_id
6593199887,4843014340219569,2022-12-04 22:32:50,5632977333,@å°é¸¡è›‹-zzz,4843082748793675
6593199887,4843014340219569,2022-12-04 22:24:23,1617463011,çœ‹ä¸æ‡‚è¯¶[æ€è€ƒ]@æœˆèˆäº‘ç­,4843080623326784
6593199887,4843014340219569,2022-12-04 22:17:13,6290294014,è½¬å‘å¾®åš,4843078822921133
6593199887,4843014340219569,2022-12-04 22:16:35,7443420374,æ²¡çœ‹æ‡‚[ä¸€åŠ ],4843078663538127
6593199887,4843014340219569,2022-12-04 22:16:31,6596373437,è½¬å‘å¾®åš,4843078643361754
6593199887,4843014340219569,2022-12-04 21:31:05,7485391476,è°çœ‹æ‡‚äº† ç»™æˆ‘è®²ã€‚,4843067208643127
6593199887,4843014340219569,2022-12-04 21:27:53,7503638142,ç»ˆäºå¯ä»¥æ‰“ç‰Œäº†[æ³ª][æ³ª],4843066408043322
6593199887,4843014340219569,2022-12-04 21:22:46,7262484549,å¿«è½¬å¾®åš,4843065120129888
6593199887,4843014340219569,2022-12-04 21:16:09,6570643208,å¥½å¤æ‚ï¼Œè¾¹ç©è¾¹å­¦å§,4843063450799609
6593199887,4843014340219569,2022-12-04 21:08:58,5997614274,è®¤çœŸç ”è¯»,4843061644104684
6593199887,4843014340219569,2022-12-04 20:28:09,5642531998,å¿«è½¬å¾®åš,4843051375395675
6593199887,4843014340219569,2022-12-04 20:26:00,6914231698,è½¬å‘å¾®åš,4843050830667632
6593199887,4843014340219569,2022-12-04 20:24:38,3868647647,çœ‹æ™•äº†kkkä¸Šçº¿ç©ä¸¤æŠŠå°±ä¼šäº†,4843050486206158
6593199887,4843014340219569,2022-12-04 20:23:59,2169045284,è¦å¼€æ‰“ç‰Œäº†[å…æ‚²],4843050323154219
6593199887,4843014340219569,2022-12-04 20:23:01,6469768397,è¿˜æ˜¯çœ‹ä¸æ‡‚ ä½†æ˜¯å¾ˆé…·çš„æ ·å­,4843050080409688
6593199887,4843014340219569,2022-12-04 19:44:11,7777540862,è½¬å‘å¾®åš,4843040306630856
6593199887,4843014340219569,2022-12-04 19:44:06,6294228197,è½¬å‘å¾®åš,4843040289587869
6593199887,4843014340219569,2022-12-04 19:43:12,1356807084,è½¬å‘å¾®åš,4843040063357982
6593199887,4843014340219569,2022-12-04 19:41:28,6629036805,ä»Šæ™šç ”ç©¶ä¸‹,4843039622696317
6593199887,4843014340219569,2022-12-04 19:37:07,7744300572,è½¬å‘å¾®åš,4843038528243708
6593199887,4843014340219569,2022-12-04 19:11:49,7430437743,ä»–å¦ˆçš„çœ‹ä¸æ‡‚,4843032165220733
6593199887,4843014340219569,2022-12-04 19:07:27,5609121753,æˆ‘éœ€è¦ï¼Œä¸ƒåœ£å¬å”¤çš„å‘¨è¾¹,4843031066575500
6593199887,4843014340219569,2022-12-04 19:03:16,5731668620,è½¬å‘,4843030009354169
6593199887,4843014340219569,2022-12-04 19:02:59,5855493645,è½¬å‘å¾®åš,4843029939101183
6593199887,4843014340219569,2022-12-04 19:01:59,6223089526,è½¬å‘å¾®åš,4843029687707022
6593199887,4843014340219569,2022-12-04 18:46:00,6599366539,é©¬ğŸ´,4843025665104331
6593199887,4843014340219569,2022-12-04 18:41:51,5863604170,å®Œå…¨çœ‹ä¸æ‡‚ï¼Œè®©çˆ·ä¸Šæ‰‹æ‘¸ä¸¤æŠŠå°±ä¼šäº†,4843024619933132
6593199887,4843014340219569,2022-12-04 18:41:48,5694394040,ä¸è¡Œå’¯ çœ‹ä¸æ‡‚äº†,4843024608402650
6593199887,4843014340219569,2022-12-04 18:38:59,7376013361,[ä¸°æ”¶äº†],4843023898251882
6593199887,4843014340219569,2022-12-04 18:38:47,5891069047,åæ­£ä¹Ÿçœ‹ä¸æ‡‚å…ˆç ä¸ªå§,4843023849227649
origin_user_id,origin_weibo_id,repost_publish_time,repost_user_id,repost_weibo_content,repost_weibo_id
6239620007,4842349060955034,2022-12-03 15:16:20,6239439310,å¿«è½¬å¾®åš,4842610513153776
6239620007,4842349060955034,2022-12-02 23:55:51,7736221893,å¿«è½¬å¾®åš,4842378869342446
6239620007,4842349060955034,2022-12-02 23:55:35,7736221893,å¥½çš„,4842378797518924
